{
    "objects": [
        {
            "class": "car",
            "distance_estimated": 17.5098819732666,
            "features": {
                "xmin": 178.0,
                "ymin": 306.0,
                "xmax": 358.3581237792969,
                "ymax": 415.7331848144531,
                "mean_depth": 2.2070157527923584,
                "depth_mean_trim": 1.8854843378067017,
                "depth_median": 1.854312777519226,
                "width": 179.8238525390625,
                "height": 109.0435791015625
            }
        },
        {
            "class": "car",
            "distance_estimated": 14.670174598693848,
            "features": {
                "xmin": 0.0,
                "ymin": 322.0,
                "xmax": 40.349205017089844,
                "ymax": 431.1167907714844,
                "mean_depth": 1.8435828685760498,
                "depth_mean_trim": 1.7061853408813477,
                "depth_median": 1.693901777267456,
                "width": 40.269794940948486,
                "height": 108.7518310546875
            }
        },
        {
            "class": "car",
            "distance_estimated": 9.091629981994629,
            "features": {
                "xmin": 27.0,
                "ymin": 297.0,
                "xmax": 231.62936401367188,
                "ymax": 496.64300537109375,
                "mean_depth": 1.5148741006851196,
                "depth_mean_trim": 1.4103862047195435,
                "depth_median": 1.398629903793335,
                "width": 204.47994422912598,
                "height": 198.92007446289062
            }
        }
    ]
}